,id,caption,like_count,media_type,media_url,permalink,children.data
0,17950764517966543,"Imposter syndrome âœ¨ I have never talked about it but experienced it so so many times and I am sure you have too ğŸ¥² 

So what is it? ğŸ¤¨
It is the feeling of self-doubt and personal incompetence that persist despite your education, experience, and accomplishments ğŸ˜”
â€œWhat am I doing here?â€ â€œI do not belong hereâ€ â€œEveryone must be so much better than meâ€ â€œI am not worthy of the jobâ€

I never knew something like this existed and found out after I quit my first engineering job.
So why am I talking about this?
Because you might feel the same and it is completely normal ğŸ™‚

Imposter feelings represent a conflict between your own self-perception and the way others perceive you. To counter these feelings, you might end up working harder and holding yourself to ever higher standards. This pressure can eventually take a toll on your emotional well-being and your performance.

My advice on overcoming it: If your colleagues and your team/company is happy with your results and work, just calm down a little. Believe in yourself and your abilities! Stop comparing yourself to others. You will eventually feel better over time as you get used to your colleagues and the environment you work in. 

Have you ever experienced it? Share your thoughts or advice in the comment section below â¬‡ï¸ âœï¸ (I am sure you can help someone) ğŸ¥°

_____
#programming #gamergirl #coder #programmerslife #codinglife #code #programmers #programmerlife #girlswhocode #setup #pcsetup
#coding #programmer #coder #javascript #codingpics #code #python #css #computerscience #codingjokes #webdevelopment #tech #softwareengineer #software #codingdecoding #nerd #codingislife #android #worldcode #codinggirl",3421.0,IMAGE,https://scontent.cdninstagram.com/v/t51.29350-15/292721544_718853905888823_2734347052974080427_n.jpg?_nc_cat=109&ccb=1-7&_nc_sid=8ae9d6&_nc_ohc=7-aUFlgBChQAX8uZcy7&_nc_ht=scontent.cdninstagram.com&edm=APCawUEEAAAA&oh=00_AT_BVpb9TUmgGnpaSnDNdMAJzuKTJZNRJxjgvoSANIAIjw&oe=62D0529A,https://www.instagram.com/p/Cf1xn4sD1Em/,
1,17929435520462178,"ğŸ“± ğ™ğ™Šğ™ ğ™«ğ™¨ ğ˜¼ğ™£ğ™™ğ™§ğ™¤ğ™ğ™™ ğ˜¿ğ™šğ™«ğ™šğ™¡ğ™¤ğ™¥ğ™¢ğ™šğ™£ğ™©: ğ™¨ğ™ğ™¢ğ™ğ™¡ğ™–ğ™§ğ™ğ™©ğ™ğ™šğ™¨ ğ™–ğ™£ğ™™ ğ™™ğ™ğ™›ğ™›ğ™šğ™§ğ™šğ™£ğ™˜ğ™šğ™¨, ğ™¥ğ™–ğ™§ğ™© 1/2.
â€¢
ğŸ’­ If you just worked on one of these platforms and wonder how's the other one, I got you covered.
â€¢
ğŸŒŸ Part 1: What will you find ğ™¤ğ™£ ğ™ğ™Šğ™, coming ğ™›ğ™§ğ™¤ğ™¢ ğ˜¼ğ™£ğ™™ğ™§ğ™¤ğ™ğ™™:
â€¢
ğŸ‘‰ ğ™ğ™©ğ™§ğ™ğ™˜ğ™©ğ™šğ™§ ğ˜¼ğ™¥ğ™¥ ğ™ğ™©ğ™¤ğ™§ğ™š ğ™œğ™ªğ™ğ™™ğ™šğ™¡ğ™ğ™£ğ™šğ™¨ - Apple still has people reviewing every app that's submitted for the store, and their list of rules is much longer.
â€¢
ğŸ‘‰ ğ™‡ğ™šğ™¨ğ™¨ ğ™©ğ™§ğ™¤ğ™ªğ™—ğ™¡ğ™š ğ™¬ğ™ğ™©ğ™ ğ™™ğ™šğ™«ğ™ğ™˜ğ™š ğ™¨ğ™ªğ™¥ğ™¥ğ™¤ğ™§ğ™© - you have a few screen sized and that's it. No need to worry about custom versions of Android built by Samsung, OnePlus, Xiaomi, etc.
â€¢
ğŸ‘‰ ğ™‡ğ™šğ™¨ğ™¨ ğ™¤ğ™›ğ™›ğ™ğ™˜ğ™ğ™–ğ™¡ ğ™¡ğ™ğ™—ğ™§ğ™–ğ™§ğ™ğ™šğ™¨ ğ™–ğ™£ğ™™ ğ™˜ğ™¤ğ™™ğ™ğ™£ğ™œ ğ™œğ™ªğ™ğ™™ğ™šğ™¡ğ™ğ™£ğ™šğ™¨ - Google has lots of code samples and packages, like the entire Jetpack collection. On the contrary, Apple never officially upgraded from MVC and their project samples are bad in terms of code quality. Luckily, the worldwide dev community compensates for that with articles and guidelines.
â€¢
ğŸª ğ™‡ğ™¤ğ™©ğ™¨ ğ™¤ğ™› ğ™¨ğ™ğ™¢ğ™ğ™¡ğ™–ğ™§ğ™ğ™©ğ™ğ™šğ™¨ - the languages (Swift and Kotlin) are very much alike, the navigation between screens is similar, the UI is now similar with SwiftUI and Compose, the concept of flavors and targets is quite alike, etc. You'll quickly get up to speed.
â€¢
ğŸ“ If you're on the other side, iOS developer wanting to try Android, stay tuned for my ğ™£ğ™šğ™­ğ™© ğ™¥ğ™¤ğ™¨ğ™© in which I'll present everything from the other perspective: Android development, coming from iOS.
â€¢
ğŸ’¬ ğ™’ğ™ğ™–ğ™© ğ™ğ™¨ ğ™©ğ™ğ™š ğ™¢ğ™–ğ™ğ™£ ğ™©ğ™ğ™ğ™£ğ™œ ğ™©ğ™ğ™–ğ™© ğ™®ğ™¤ğ™ª ğ™¡ğ™ğ™ ğ™š ğ™–ğ™—ğ™¤ğ™ªğ™© ğ™ğ™Šğ™ ğ™¤ğ™§ ğ˜¼ğ™£ğ™™ğ™§ğ™¤ğ™ğ™™ ğ™™ğ™šğ™«ğ™šğ™¡ğ™¤ğ™¥ğ™¢ğ™šğ™£ğ™©? comment below and follow mobiledevlife for more mobile development insights.
â€¢
#iosdeveloper #iosdevelopment #iosdev #androiddeveloper #androiddevelopment #androiddev #programming #coding #mobiledevelopment #mobileapps #appdeveloper #swift #kotlin #swiftui #macbook #macbookpro #developer #developerlife",744.0,IMAGE,https://scontent.cdninstagram.com/v/t51.29350-15/292350591_999181140722571_484887803172212888_n.jpg?_nc_cat=100&ccb=1-7&_nc_sid=8ae9d6&_nc_ohc=zbjrkTSF_VAAX_4B_A5&_nc_ht=scontent.cdninstagram.com&edm=APCawUEEAAAA&oh=00_AT__lmBFBC9g8tZyhnH890CdzzRgpNwWEYT6nD20qYQ0Cg&oe=62D005FB,https://www.instagram.com/p/Cfy9xL1jqjY/,
2,18133492237284902,"Most asked interview question in interview.. 

Do follow us for such interesting interview questions : ui_dev_guide 

Follow us :ui_dev_guideğŸ”¥ğŸ”¥

#html #html5 #css #css3 #javascript #javascriptdeveloper #angular #angularjs #angularlearning #masterangular #angularmaterial #angulardeveloper #typescript #reactjs #frontenddeveloper #softwaredeveloper #webdeveloper #coding  #programmer  #webdevelopment #uidesigner  #javascripts #javascripttutorial #javascript30 #javascriptengineer #frontendchallenge #interviewtips #interviewquestions #angular6",942.0,CAROUSEL_ALBUM,,https://www.instagram.com/p/CfwmvBet1G0/,"[{'id': '18233386978143055'}, {'id': '18182571508174644'}, {'id': '17978894794570555'}, {'id': '17955423364807280'}, {'id': '17913089717548860'}, {'id': '18020245807398784'}, {'id': '17902762700625148'}]"
3,17947543160072668,"Happy weekend and happy coding peopleğŸ‘¨ğŸ»â€ğŸ’»ğŸ™Œ
.
.
.
.
.
.
.
.
.

ğŸ”–

#softwareengineer #iosdeveloper #webdeveloper #flutterdeveloper #frontenddeveloper #appdeveloper  #programming #softwareengineer #coding #code #100daysofcode #javascript #reactjs #developer #developerlife #programminghumor #coderlife #python #php #desksetup #appdevelopment #uidesign #frontend #backenddeveloper #codinggirl #flutter thefullstack_mentor comment_sense",2340.0,IMAGE,https://scontent.cdninstagram.com/v/t51.29350-15/292327120_136510662393719_6806930051273542777_n.jpg?_nc_cat=110&ccb=1-7&_nc_sid=8ae9d6&_nc_ohc=Il1ENkstK4gAX-d6CjK&_nc_ht=scontent.cdninstagram.com&edm=APCawUEEAAAA&oh=00_AT9LIAoLrdggbfm_b2KrKLNWG2luwNDPxaM2yo6cguS-gw&oe=62D0A7DC,https://www.instagram.com/p/Cfw1N8LD4mS/,
4,17945490634962146,"Introduction to C++ : Structures !!!!ğŸ¯
----------------------------------------
Follow lathee_codes for more âš¡
----------------------------------------
Art credit: artstationhq â¤ï¸
----------------------------------------
A structure is a user-defined data type in C/C++. A structure creates a data type that can be used to group items of possibly different types into a single type. 

In C++, a structure is the same as a class except for a few differences. The most important of them is security. A Structure is not secure and cannot hide its implementation details from the end user while a class is secure and can hide its programming and designing details.
------------------------------------------------------

Follow to learn more about c++,html ,css , javascript.

Don't forget to like, share and save the post.

If you have any questions feel free to commentâœ¨.

Thank you ğŸ’–

--------------------------------------
Tags: 

#coding #webdevelopement #computerscience #html #css #javascript #coders #fullstack #codingisfun #codingbootcamp #codingchallenge #learncode #reactjs #vscode #programmerslifeğŸ’» #100daysofcode #csstricks #codingjokes #htmlcss #codingjokes #100daysofcodechallenge #frontenddev #frontenddeveloper #frontendengineer #html5 #htmlcoding #htmltutorial #html5website #htmlcode #html_css",3936.0,CAROUSEL_ALBUM,,https://www.instagram.com/p/CfyqRa6tyxh/,"[{'id': '17937834434090661'}, {'id': '18148323784253974'}, {'id': '17853053411768086'}, {'id': '18166963015219995'}, {'id': '18165173659244717'}, {'id': '18246711709108412'}, {'id': '17931348515348737'}, {'id': '17871347264685024'}, {'id': '18021614194400927'}]"
5,17987664919522369,"Taking a break from ğŸ‘©ğŸ»â€ğŸ’»ğŸ–¥

First, it's important to take breaks regularly to avoid burnout. ğŸ¤•

Second, when you do take a break, make sure to focus on activities that are completely unrelated to work so that you can fully relax. ğŸ§˜â€â™€ï¸

Finally, don't feel guilty about taking a break - it's important to recharge your batteries so that you can be productive when you return to work. ğŸ”‹

I'm gonna recharge my batteries cycling around this morning ğŸš´â€â™€ï¸ğŸš´â€â™€ï¸

What do you usually do on weekends to take a break from coding?",1331.0,IMAGE,https://scontent.cdninstagram.com/v/t51.29350-15/292812885_1196981621142702_5526637929355742548_n.jpg?_nc_cat=102&ccb=1-7&_nc_sid=8ae9d6&_nc_ohc=dNw-3bZURLcAX90yrrZ&_nc_ht=scontent.cdninstagram.com&edm=APCawUEEAAAA&oh=00_AT-XhgVDurIPubrkSwFZDtvwkMUBNdgSfJjLTlx9El_6-w&oe=62D0DC75,https://www.instagram.com/p/Cf1R4tTOYse/,
6,17869246022734200,"Follow more code.clash

If you find this content useful, tap the â™¥ï¸ icon, share, and consider giving me a follow. Thanks!
.
Please comment or like â¤ï¸

Video By  juliocodes
.

#coding #flex #typescript #html #css #webdeveloping #webdevelopers #webdevelopment #reactnative #frontenddeveloper #frontenddevelopment #frontenddev #javascript #javascriptdeveloper #htmlcoding #htmlcode #cssanimation #csstricks #programmingisfun #code #developerslife #vscode",2284.0,VIDEO,,https://www.instagram.com/reel/CfwC0b1lVel/,
7,17888142545617036,"Beginner programmer vs expert programmer ğŸ‘¨â€ğŸ’»

Share your thoughts in the comments ğŸ‘‡
Want to connect? DM me! ğŸ’¬

#programmingtips #programmingisfun #programminglanguages #programmingislife #learnprogramming #buildupdevs #programming #coding #developer #flutter #flutterdeveloper #programmerlife #programming_language #nodejs #softwaredeveloper #learntocode #frontenddeveloper #developerspace #developerstuff #blockchainrevolution #blockchaindevelopers #blockchaindev #appdeveloper #seniordeveloper #seniorprogrammer #code #coders #python #java",1582.0,CAROUSEL_ALBUM,,https://www.instagram.com/p/CfwAbzOvccv/,"[{'id': '17860612892732571'}, {'id': '18233227141185119'}, {'id': '17869746191729460'}, {'id': '17925753140305287'}, {'id': '17949601540993350'}, {'id': '17990663221500679'}, {'id': '17937130946204307'}, {'id': '17899861190546749'}, {'id': '17956775671895431'}, {'id': '18167768380243439'}]"
8,17953903837938402,"JavaScript Frameworks Battles,ğŸ¤º (Part.4)â£â£
â£
-) Svelte â£
â£
Svelte is a modern JavaScript framework for building static web apps that are quick, lean, and enjoyable to use for developers. Svelte may be used to create single, reusable components for any project, including bigger apps developed in Angular, React, Vue, or any other framework.â£
â£
Pros â• â•â£
-) Components Easy to Understandâ£
-) Concise Code and Light Files â£
-) Responsiveness with Labeled Statementsâ£
-) Simple Out-Of-The-Box Global State Managementâ£
-) Built-in Accessibility and Unused CSS Checksâ£
â£
Cons âŒ âŒâ£
-) It doesnâ€™t offer any of the features of those frameworks (React or Vue)â£
-) Vanilla.js first in order to have a better understanding of Svelteâ£
-) Not suitable for larger teams that want to build every extra featureâ£
â£
However ... is Svelte getting more and more popular? ğŸ¤”â£

Yes, because of ...â£
... very small size once compiledâ£
... its source code is easy to understand â£
... Svelte.js doesnâ€™t embed a virtual DOMâ£
... the final script is very light and fast to runâ£
... you can use HTML markup or XML filesâ£
â£
In their words ... 
â€¦ simple, powerful, and elegant ğŸ’¬â£
â£
Yours, KosDevLabâ£
â£
#js #frameworks #battles #series #programmer #programming #coding #setup #routine #life #coderslife #developer #python #ai #datascience #developing #developerslife #webdeveloper #developerstuff #developersparadise #software #google #codingdays #peoplewhocode #gymshark #vibes #letsgo #kosdevlab",1257.0,IMAGE,https://scontent.cdninstagram.com/v/t51.29350-15/292584782_777432853437729_7523924291022919490_n.jpg?_nc_cat=106&ccb=1-7&_nc_sid=8ae9d6&_nc_ohc=dnHCcvpXNH0AX9cGzG_&_nc_ht=scontent.cdninstagram.com&edm=APCawUEEAAAA&oh=00_AT_5lOzZvHjORA5aERsI0koqnUQc0t1J7HjUf-PPolffYw&oe=62D02E4F,https://www.instagram.com/p/CfzAqODj8N2/,
9,17920545425353609,"Follow for more ğŸ’¡ğŸŒğŸš€

coders.world
coders.world

.
.
.
.
.

 #python #python3ofcode #programmers #coder #programming #developerlife #programming language #womenwhocode #codinggirl #entrepreneurial #softwareengineer #100daysofcode #programmingisfun #developer #coding #software #programminglife #codinglife #code",,IMAGE,https://scontent.cdninstagram.com/v/t51.29350-15/292468883_529180975616002_9156369015249219644_n.webp?stp=dst-jpg&_nc_cat=1&ccb=1-7&_nc_sid=8ae9d6&_nc_ohc=xANY19xjqNoAX_gM3Af&_nc_ht=scontent.cdninstagram.com&edm=APCawUEEAAAA&oh=00_AT-eCbWAmQNqzmmvS7JB5MvocaEhzommanZMY99pPa2xDA&oe=62CFD522,https://www.instagram.com/p/Cf1JZTuj3lo/,
10,17963122765749410,"Credits: mysticyeti
 .
 .
 .
 .
 .
 #codinglife #computerscience #setup #programming #code #webdevelopment #dev #development #software #programmer #worldcode #codeismylife #coder #codepeople #programmerlife #lovecoding #dreamsetup #mysetup #coding #developer #web #geeklife #workstation #app #iosdevelopment #backenddeveloper #frontend #python",1499.0,IMAGE,https://scontent.cdninstagram.com/v/t51.2885-15/292277645_3380307268925673_4807424084297775851_n.jpg?_nc_cat=106&ccb=1-7&_nc_sid=8ae9d6&_nc_ohc=b3DSb_K1CDgAX9JKbZr&_nc_ht=scontent.cdninstagram.com&edm=APCawUEEAAAA&oh=00_AT_5luqzolPeEa0h9SPPenagePvhrsNNkCoyq_zB2ffeoQ&oe=62D07C13,https://www.instagram.com/p/CfwP0ioolzt/,
11,17927654732279104,"TGIF ğŸ‘¾ 

â€¢ But then itâ€™s not when you decide to learn the whole weekend ğŸ›µğŸ³ğŸŒ¸ğŸŒğŸ’™

â€¢â€¢â€¢

Back at the my workspace ğŸ¥·ğŸ’»

Howâ€™s your Friday going? ğŸŒŠ

â€¢â€¢â€¢

____________________________________

ğŸ¤ Like ğŸ’¬ Comment ğŸ“ Save 
ğŸ“± Follow albicodes ğŸª
____________________________________",3135.0,IMAGE,https://scontent.cdninstagram.com/v/t51.29350-15/292472763_410492537693399_8467972179400923818_n.jpg?_nc_cat=102&ccb=1-7&_nc_sid=8ae9d6&_nc_ohc=kowTX-bO3KEAX_B6ncf&_nc_ht=scontent.cdninstagram.com&edm=APCawUEEAAAA&oh=00_AT_9iaZ1HKvs4nDcsQ-Odw17vLQJdUT8kucuPujh8UdftA&oe=62D00F24,https://www.instagram.com/p/CfwEUYrjwZg/,
12,17949977426007413,"more work in progress pics! havenâ€™t done any animation for a couple months so this was fun
â€¢
â€¢
â€¢
â€¢
#generative #creativecoding #art #colors #codeart #creativecoder #coding #programming #digitalart #genuary #codeartist #p5js #processing #genuary2022 #codingart #creativity #generativeart #fxhash",1525.0,CAROUSEL_ALBUM,,https://www.instagram.com/p/CfzAzyer97q/,"[{'id': '17930665241200220'}, {'id': '17935778633260962'}, {'id': '17894936834589123'}, {'id': '17957646658760751'}, {'id': '18131587930280725'}]"
13,17938024175099840,"VSCode extensions that you must have...ğŸ’¥
---------
If you have found this post valuable then follow this page for more content like this delivered directly to your feed.
Thank you
---------
For source code and free programming stuff join our telegram channel now (link in bio).
---------
Thanks for your supportğŸ˜ƒâ¤
---------
Tags:
#coding #programming #logic#logicbuilding#python#cpp#java#htmlcss#website
#code#program#programmer #softwaredeveloper#game#coder##gamedev#vscode#ide#themes#icon#materialui",2109.0,CAROUSEL_ALBUM,,https://www.instagram.com/p/Cf0JeMBPOjY/,"[{'id': '17965989673735993'}, {'id': '17948211497014842'}, {'id': '17995003096488278'}, {'id': '18009396955428578'}, {'id': '17970636472638474'}, {'id': '17929584350241529'}, {'id': '17933414159486936'}, {'id': '17916657332455282'}, {'id': '17945583773079596'}, {'id': '17933144969497070'}]"
14,17949985303890407,".
.
.
Wanna learn web development from basics? Visit my profile once & do consider following me! ğŸ‘‡

ğŸ”¥ FollowğŸ‘‰ğŸ»rehman_codingğŸ”¥ 
ğŸ”¥ FollowğŸ‘‰ğŸ»rehman_codingğŸ”¥ 
ğŸ”¥ FollowğŸ‘‰ğŸ»rehman_codingğŸ”¥ 
.
.
.
..
â­•LIKE | SAVE | SHARE | COMMENT
.
.
.
.
â­•Visit my profile to learn moreâ¤ï¸
.
ğŸ””Turn on Post notifications!
.
.
â¤ï¸Keep learning, Keep coding! ğŸ¤©
.
.
.
.
Ignore ğŸ˜œ
#css
#programming #coding #programmer #developer #javascript #coder #python #java #computerscience #codinglife #programmingmemes #webdeveloper #programmers #programminglife #softwaredeveloper #webdevelopment #softwareengineer #software #programmerlife #pythonprogramming #machinelearning #programmerslife #coders #programmerhumor #learnprogramo
3w",2465.0,CAROUSEL_ALBUM,,https://www.instagram.com/p/CfutkIVDj0W/,"[{'id': '17851461317771718'}, {'id': '17906613344608467'}, {'id': '17885839766674527'}, {'id': '18205180759090501'}, {'id': '17967526609666194'}, {'id': '17913138179544354'}]"
15,18076165213307494,"Statistics Interview QnAs Hand Written Note. Save this Post. Read Moreâ¬‡ï¸

If you want to make your career in Data Science and Analytics then check our Mega Combo Course. Link given in bio.

This course package, you are getting Python, SQL, Statistics, Machine Learning, Deep Learning, AWS Sagemaker, Model Deployment, Tableau, PowerBi, Excel, Case studies, Capstone End-to-End Projects of ML and DL with 1-1 Live Doubt Clearance Support over Skype chat everyday. Check the course NOW!

ğŸš¨Link in BioğŸš¨

Trusted by 7000+ Happy Learners

#datascience #dataanalyst #coding #python #sql #statistics #deeplearning #artificialintelligence #cloudyml #career #bootcamp #computerscience #datavisualization #pythonprogramming #computerscience #career #interview",1075.0,CAROUSEL_ALBUM,,https://www.instagram.com/p/CfvYJbprTJT/,"[{'id': '17850681617776991'}, {'id': '17951075761872798'}, {'id': '17884358276679010'}, {'id': '17946125336082027'}, {'id': '18047739166341484'}, {'id': '17936796443200034'}, {'id': '17925618704452920'}]"
16,18307575850040906,"Why Most People Fail To Be Programmers? 

Post by codewithharshad in collaboration with newtonschoolofficial 

Follow newtonschoolofficial 
Follow codewithharshad 

//tags
#programmers  #programming #programmer #programmerlife #coding #coder #webdevelopment #developer #100daysofcode #python #javascript #coderslife #webdeveloper #webdev #coders #webdesign #htmlcss #css3 #learntocode",969.0,CAROUSEL_ALBUM,,https://www.instagram.com/p/Cf1I1ZHrFzE/,"[{'id': '18134590492279306'}, {'id': '17947971823924933'}, {'id': '17966309785704545'}, {'id': '18038719291330818'}, {'id': '18309054769043306'}, {'id': '17942915510128858'}, {'id': '17961751537718510'}, {'id': '17929086278374869'}, {'id': '17860546967767348'}, {'id': '17868066527699541'}]"
17,17869628657735514,"What will be the output??
Comment down your answers in comment section.ğŸ‘¨ğŸ»â€ğŸ’»ğŸ‘¨ğŸ»â€ğŸ’»

âœ…Follow python___developers for more content on Python projects, Tips and Tricks, Quizzes.

Followâ¡ï¸ python___developers 
Followâ¡ï¸ python___developers

#questions #trending #technology #python #python3 #programming #programminglife #developer #developing #information #technology #programmers #coding #developers #data #science #education #guess #quiz #question #quizzes #pythons #explore #multiple #choice",,IMAGE,https://scontent.cdninstagram.com/v/t51.29350-15/292881807_610416420295757_1777624866659027404_n.webp?stp=dst-jpg&_nc_cat=102&ccb=1-7&_nc_sid=8ae9d6&_nc_ohc=YuFwyWnJcsUAX8VlwCk&_nc_ht=scontent.cdninstagram.com&edm=APCawUEEAAAA&oh=00_AT9F8UYOjMc8VodKTZuxavQMqFqU4nes5Eg_jMj9N61k0Q&oe=62D1061F,https://www.instagram.com/p/Cf21z0ILegs/,
18,18308480482024275,"C Programs ğŸ“ 

Follow codeinbinary for more programming content.
.

IMPORTANT THINGS TO DOğŸ‘‡

ğŸš€â€¢Follow for more posts like this ğŸ˜‡
Credit- knowprogram

ğŸš€â€¢Watch our story for knowledge! ğŸ§ 

Comment your views on the post. ğŸ§ ğŸ’»

Turn on story and post notifications for good timesğŸ˜ƒğŸ’¯

Thanks for your supportğŸ˜ƒâ¤
.
.
.

â£â£â£#python3 #coding #coders #pythoncode #pythoncoder #pythonlearning #pythonprogramming #machinelearning #artificialintelligence #codingmemes #codingmeme #programmingmemes #programmingfacts #programmingmeme #programminglangauge #programminglangauges #django #datamining #datascience #datastructures #btech #computerengineering",1028.0,CAROUSEL_ALBUM,,https://www.instagram.com/p/CfyoPu6DP_1/,"[{'id': '18024191263390819'}, {'id': '17993731078491819'}, {'id': '17954524399822051'}, {'id': '17926664633418337'}, {'id': '18132574024284515'}, {'id': '17910595205497012'}, {'id': '18129249733285932'}, {'id': '18206395612085401'}, {'id': '17894822942587841'}]"
19,17916073994457145,"3 mind blowing CSS Tricks 
By baby_wolf_codes
.
.
.
Follow webdesignuniversity for more
.
.
.
.
.
. 
#css 
#csstricks 
#frontend 
#coding 
#fullstack 
#html 
#javascript 
#programming 
#webdesign
#frontend #programming #webdevelopment #css #html #html5 #webdevelopers #programmingwebsites #programmingtools #javascriptdeveloper #javascripttutorial #30daysseries #csslanguage #wdu #webdesignuniversity",749.0,CAROUSEL_ALBUM,,https://www.instagram.com/p/Cf0pTgkrLkL/,"[{'id': '18033681508370107'}, {'id': '17936931155329879'}, {'id': '17939577992059125'}, {'id': '17874643745711246'}, {'id': '17955468841799791'}, {'id': '17966295220686317'}, {'id': '17963802721749565'}, {'id': '17962393345698111'}]"
20,18050997454328662,"Follow for more ğŸ’¡ğŸŒğŸš€

coders.world
coders.world

.
.
.
.
.

 #python #python3ofcode #programmers #coder #programming #developerlife #programming language #womenwhocode #codinggirl #entrepreneurial #softwareengineer #100daysofcode #programmingisfun #developer #coding #software #programminglife #codinglife #code",9129.0,IMAGE,https://scontent.cdninstagram.com/v/t51.29350-15/292427486_1047373009485287_2089633312659194283_n.webp?stp=dst-jpg&_nc_cat=1&ccb=1-7&_nc_sid=8ae9d6&_nc_ohc=3emozvcMfSwAX88DPQD&_nc_ht=scontent.cdninstagram.com&edm=APCawUEEAAAA&oh=00_AT9t7MVUvz8w0YT7vPYjjQBCmNH8hMHutyC4AOQDCcjKEQ&oe=62D107CF,https://www.instagram.com/p/Cfx4IgnLlmk/,
21,18278506594075371,"follow for more ( techie_programmer )
.
.
.
.
#coder #codergirl #coderlife #coderpower #coders #coderslife #coding #codingbootcamp #codingisfun #codinglife #codingpics #java #javascript #programacion #programing #programmer #programmerlife #programmer #programmerlife #programing #programming #webdesigners #webdesigns #carouselpost #carouseldesigns #softwaredeveloper #softwareengineer",2871.0,IMAGE,https://scontent.cdninstagram.com/v/t51.29350-15/292959271_3301060136806857_2463382630442140735_n.jpg?_nc_cat=107&ccb=1-7&_nc_sid=8ae9d6&_nc_ohc=0ebtIBUGY1QAX9NDP0K&_nc_ht=scontent.cdninstagram.com&edm=APCawUEEAAAA&oh=00_AT9bCUHyskVVMMAK3mJKdq9vLGElIcy1-Ro6c-63uSno9Q&oe=62D14AC5,https://www.instagram.com/p/Cf0cmhELYBr/,
22,17921039015522562,"follow for more ( techie_programmer )
.
.
.
.
#coder #codergirl #coderlife #coderpower #coders #coderslife #coding #codingbootcamp #codingisfun #codinglife #codingpics #java #javascript #programacion #programing #programmer #programmerlife #programmer #programmerlife #programing #programming #webdesigners #webdesigns #carouselpost #carouseldesigns #softwaredeveloper #softwareengineer",2516.0,IMAGE,https://scontent.cdninstagram.com/v/t51.29350-15/292944765_1478860872552399_8849557444825925191_n.jpg?_nc_cat=101&ccb=1-7&_nc_sid=8ae9d6&_nc_ohc=TrnICpCW3ToAX86tl7F&_nc_ht=scontent.cdninstagram.com&edm=APCawUEEAAAA&oh=00_AT857T5_w1kEpxwu8gk8YwdnNW-xa0UIUSK5CpcC66wX3w&oe=62D0363C,https://www.instagram.com/p/Cf1T5U6Pmo0/,
23,18034979077343392,"Types of commands in SQL.

This is one of the common interview and viva question and I hope this post will help you to learn SQL commands types and it's sub types.

For more related content and projects do follow usÂ dynamic.codingÂ ğŸ‘ˆğŸ‘ˆ

Like this post and share with your friends.

Check out link in bio.

#sqlÂ #sqlinterviewÂ #dynamiccodingÂ #programming
#programmerÂ #programmerlifeÂ #programmersÂ #programmerslife
#programminglifeÂ #programÂ #codingÂ #coder
#codergirlÂ #coderlifeÂ #coderpowerÂ #computerscience
#computerÂ #codingbootcampÂ #programmerrepublic
#interviewpreparationÂ #interviewtipsÂ #programmers
#softwareengineerÂ #interviewprepÂ #softwareengineering
#codingisfunÂ #codinglifeÂ #developer

Keep supporting usÂ dynamic.coding",1305.0,IMAGE,https://scontent.cdninstagram.com/v/t51.29350-15/292227043_559205839085096_4121307671425345040_n.webp?stp=dst-jpg&_nc_cat=111&ccb=1-7&_nc_sid=8ae9d6&_nc_ohc=o7pVOPuSPFoAX_YNPcZ&_nc_ht=scontent.cdninstagram.com&edm=APCawUEEAAAA&oh=00_AT8HIllbRMn-qO_2SRomzmkuSEgS-4-5L8dI_MpPL6nLRA&oe=62D0F186,https://www.instagram.com/p/CfwFZqKvWCI/,
24,17926650938428712,"JavaScript TipğŸ’¡ : Remove Array Duplicates

3 ways of removing duplicates from an array using:
- new Set()
- filter
- reduce

Ranked by an opinionated personal preference that takes into account
- readability
- conciseness
- expressiveness of intent

What is your favorite way?
Any alternative?
.
.
.
.
.
.
#javascript #learnjavascript #javascriptdeveloper #javascripts #javascriptdevelopers #javascripttutorial #javascript30 #javascriptlearning #javascriptengineer #javascriptlovers #dev #coding #softwaredevelopment #programming #programmer #career #life #web #webdeveloper #instagram #typescript #reactjs",4750.0,IMAGE,https://scontent.cdninstagram.com/v/t51.29350-15/292438580_184322154027476_7323670003877023083_n.jpg?_nc_cat=1&ccb=1-7&_nc_sid=8ae9d6&_nc_ohc=Tto2rfbi09EAX-amOKB&_nc_oc=AQnyC7Gsqx0uJ_YX1Up_G11zWeJNYKpIqjbHUoHf6umcI2aP0zoWcosyYfAx04LBTbaAvvR3IZpd6xChe6QcjzeS&_nc_ht=scontent.cdninstagram.com&edm=APCawUEEAAAA&oh=00_AT_2-tIuLKSS-g8aAK-dy6w7piUrIcdHN-Cxgf6bfcCzuw&oe=62D0D97E,https://www.instagram.com/p/CfyeQYJKPgk/,
25,18212260348195160,"Learn Python by ExampleğŸ§ ğŸ’¯
Save itğŸ“ 

Follow python4coding for more programming content.
.

Credit- c_forcoding
IMPORTANT THINGS TO DOğŸ‘‡

ğŸš€â€¢Follow for more posts like this ğŸ˜‡

ğŸš€â€¢Watch our story for knowledge! ğŸ§ 

Comment your views on the post. ğŸ§ ğŸ’»

Turn on story and post notifications for good timesğŸ˜ƒğŸ’¯

Thanks for your supportğŸ˜ƒâ¤
.
.
.

â£â£â£#python3 #coding #coders #pythoncode #pythoncoder #pythonlearning #pythonprogramming #machinelearning #artificialintelligence #codingmemes #codingmeme #programmingmemes #programmingfacts #programmingmeme #programminglangauge #programminglangauges #django #datamining #datascience #datastructures #btech #computerengineering",3368.0,CAROUSEL_ALBUM,,https://www.instagram.com/p/Cfynig2jDAo/,"[{'id': '17892311840651576'}, {'id': '17915853149453692'}, {'id': '18294126676070713'}, {'id': '18007245616440173'}, {'id': '18166174258220843'}, {'id': '17914933316585110'}, {'id': '17967614581675175'}, {'id': '18143368030256266'}, {'id': '17939593886246502'}]"
26,17940554795054573,".
For Source Code Check Out My GitHub, Link in BioğŸ‘†ğŸ“

Custom SnackBar in FlutterğŸš€

Follow codewithflexz For moreğŸ”¥
Follow codewithflexz For moreğŸ”¥
Follow codewithflexz For moreğŸ”¥

ğŸš€ GitHub:
https://github.com/AmirBayat0

ğŸ¬ YouTube:
https://www.youtube.com/c/ProgrammingWithFlexZ

#flutter #100daysofcodechallenge 
#100daysofcode #flutterdev 
#flutterui #flutterapp
#flutterapplication #flutterdesigns #developer #programming #coding #codinglover #ui #uidesign #mobiledevelopment #appdevelopment #theflutterlover #afgprogrammer #ios #iosapp #android #androidapp #flutterpackage #package",619.0,VIDEO,https://video.cdninstagram.com/v/t50.16885-16/292416974_168032585765199_6232720715366186987_n.mp4?_nc_cat=102&vs=1208220209971242_205583257&_nc_vs=HBkcFQAYJEdNN3RiUkZQMFpVaTA1Z0FBT3UtbnQ5M0VuOVdidlZCQUFBRhUAAsgBACgAGAAbAYgHdXNlX29pbAExFQAAJtLLsc3s4KZAFQIoAkMzLBdAPkRaHKwIMRgSZGFzaF9iYXNlbGluZV8xX3YxEQB17AcA&ccb=1-7&_nc_sid=59939d&efg=eyJ2ZW5jb2RlX3RhZyI6InZ0c192b2RfdXJsZ2VuLjcyNi5pZ3R2In0%3D&_nc_ohc=9iyyqyurQT4AX9n8nt9&_nc_ht=video.cdninstagram.com&edm=APCawUEEAAAA&oh=00_AT8vF12B3jLRc7D9dEpmvLehZGiBk8jBj1h9ntRNn9VF3g&oe=62CC643A&_nc_rid=b5bebf7167,https://www.instagram.com/tv/Cf1Zo8sDkV-/,
27,17902743212621411,"Stop Using Console. log( ) For Everything In JavaScript.....
Post by codeforreal 
.
.
.
.
.
.
.
.
.
.

#javascript #js #angularjs #reactjs #angular #web #webdeveloper #html #css #css3 #html5 #frontend #frontenddeveloper #vuejs #expressjs #nodejs #coder #coding #programmer #programming #software ##informationtechnology #java #python #php #codinggirl",1187.0,CAROUSEL_ALBUM,,https://www.instagram.com/p/Cf2_0e3leMm/,"[{'id': '17957769250756631'}, {'id': '17941674119293036'}, {'id': '17947735214016723'}, {'id': '17963742535747251'}, {'id': '17917138829425435'}, {'id': '17938016978203452'}, {'id': '18240848110113681'}, {'id': '17947882634074721'}, {'id': '17882531324691196'}]"
28,17937755207321168,"Part 2: HTML AttributesğŸ”¥

ğŸ˜ For source codes: search '' frontend everything "" on google. or visit www.frontendeverything.in

ğŸ‰ For Free Courses, Interview Questions, free ebooks, free notes Visit telegram channel (link in bio)

ğŸ„ Follow for more: frontendeverything
ğŸ„ Follow for more: frontendeverything

.
âš¡ Please share this post with othersâ£â£â£
.
.
.
#coding #coder #code #webdevelopment #webdesign #carouseldesigns #responsivedesign #css #css3 #html5 #webdeveloper #frontenddeveloper #frontendeverything #internet #education #contentcreator #portfolio #projects",1106.0,CAROUSEL_ALBUM,,https://www.instagram.com/p/CfyqSOIhCcP/,"[{'id': '17958568672876401'}, {'id': '17970478513717413'}, {'id': '17973485590617133'}, {'id': '17933766068154301'}, {'id': '18312592624031757'}, {'id': '18135247825283283'}, {'id': '18009516700428429'}, {'id': '17910424904594389'}]"
29,17854252952760414,"50k ğŸ¥³

When I first started posting my journey in November of last year, I never thought Iâ€™d grow to these many internet friends ğŸ’• I am truly and forever grateful for each and every one of you and this community of data go getters weâ€™ve built together â¤ï¸

I canâ€™t wait to share more of my tech life and data tips with yâ€™all â˜ºï¸

#datascience #tech #careerintech #careerindata #datascientist #techcommunity #dev #startup #startuplife #code #dataanalyst #dataanalytics #techinfluencer #womenintech #womenwhocode #coding #uni #newgrad #learnprogramming #gratitude #grateful #howtocode #100daysofcode",214.0,CAROUSEL_ALBUM,,https://www.instagram.com/p/Cf2zbsEDKI3/,"[{'id': '17944957606973189'}, {'id': '17956058173798095'}, {'id': '18001667821460177'}]"
